<?xml version="1.0" encoding="UTF-8"?>
<metadata xmlns="http://www.demandware.com/xml/impex/metadata/2006-10-31">
    <type-extension type-id="Content">
        <custom-attribute-definitions>
            <attribute-definition attribute-id="mobileBody">
                <display-name xml:lang="x-default">Mobile Body</display-name>
                <description xml:lang="x-default">Content to display n mobile device</description>
                <type>html</type>
                <mandatory-flag>false</mandatory-flag>
            </attribute-definition> 
        </custom-attribute-definitions>
        <group-definitions>
            <attribute-group group-id="Content">
                <display-name xml:lang="x-default">Content</display-name>
                <attribute attribute-id="body" />
                <attribute attribute-id="mobileBody"/>
				<attribute attribute-id="Year" />
            </attribute-group>            
        </group-definitions>
    </type-extension>
</metadata>
